StationID,StationName,Facility,Voltage,D_MW,K_MW,K_over_D,calculated_loading_pct,provider_loading_pct,loading_difference_pp,provenance
310504,BANDINI,BANDINI 66/16,66/16 kV,67.53,90.62,1.341922109,74.51997352,74.52,-2.648421982e-05,SCE 2025 GNA/DUPR Public Version §6.3/Table 9; SCE DRPEP GNA Layer 5 2026 row OBJECTID=421
302164,BRIGHTON,BRIGHTON 66/16,66/16 kV,48.71,70.62,1.449804968,68.97479468,68.98,-0.005205324271,SCE 2025 GNA/DUPR Public Version §6.3/Table 9; SCE DRPEP GNA Layer 5 2026 row OBJECTID=911
303540,CARSON,CARSON 66/16,66/16 kV,63.19,99.71,1.577939547,63.37378397,63.38,-0.006216026477,SCE 2025 GNA/DUPR Public Version §6.3/Table 9; SCE DRPEP GNA Layer 5 2026 row OBJECTID=1341
300232,CENTER,CENTER 66/12,66/12 kV,105.17,107.72,1.024246458,97.63275158,97.64,-0.007248421834,SCE 2025 GNA/DUPR Public Version §6.3/Table 9; SCE DRPEP GNA Layer 5 2026 row OBJECTID=1431
302187,DEL AMO,DEL AMO 66/12,66/12 kV,38.06,72.8,1.912769312,52.28021978,52.28,0.0002197802198,SCE 2025 GNA/DUPR Public Version §6.3/Table 9; SCE DRPEP GNA Layer 5 2026 row OBJECTID=1981
306369,LA MIRADA,LA MIRADA 66/12,66/12 kV,51.13,72.8,1.423821631,70.23351648,70.23,0.003516483516,SCE 2025 GNA/DUPR Public Version §6.3/Table 9; SCE DRPEP GNA Layer 5 2026 row OBJECTID=3871
306060,LAGUNA BELL,LAGUNA BELL 66/16,66/16 kV,63.38,72.59,1.145313979,87.31230197,87.32,-0.007698030032,SCE 2025 GNA/DUPR Public Version §6.3/Table 9; SCE DRPEP GNA Layer 5 2026 row OBJECTID=3921
306224,LAKEWOOD,LAKEWOOD 66/4.16,66/4.16 kV,16,17.82,1.11375,89.78675645,89.79,-0.003243546577,SCE 2025 GNA/DUPR Public Version §6.3/Table 9; SCE DRPEP GNA Layer 5 2026 row OBJECTID=3941
301541,MESA,MESA 66/16,66/16 kV,54.21,72.62,1.339605239,74.64885706,74.66,-0.01114293583,SCE 2025 GNA/DUPR Public Version §6.3/Table 9; SCE DRPEP GNA Layer 5 2026 row OBJECTID=4561
301517,NOGALES,NOGALES 66/12,66/12 kV,97.26,114.78,1.180135719,84.73601673,84.73,0.006016727653,SCE 2025 GNA/DUPR Public Version §6.3/Table 9; SCE DRPEP GNA Layer 5 2026 row OBJECTID=5101
306279,OLINDA,OLINDA 66/12,66/12 kV,28.45,26.09,0.9170474517,109.0456113,109.04,0.005611345343,SCE 2025 GNA/DUPR Public Version §6.3/Table 9; SCE DRPEP GNA Layer 5 2026 row OBJECTID=5291
300408,PUENTE,PUENTE 66/12,66/12 kV,66.94,70.02,1.046011353,95.60125678,95.6,0.001256783776,SCE 2025 GNA/DUPR Public Version §6.3/Table 9; SCE DRPEP GNA Layer 5 2026 row OBJECTID=5881
300648,ROSEMEAD,ROSEMEAD 66/16,66/16 kV,103.3,112.62,1.090222652,91.72438288,91.73,-0.005617119517,SCE 2025 GNA/DUPR Public Version §6.3/Table 9; SCE DRPEP GNA Layer 5 2026 row OBJECTID=6251
301636,SAN FERNANDO,SAN FERNANDO 66/16,66/16 kV,46.46,72.53,1.561127852,64.05625259,64.06,-0.003747414863,SCE 2025 GNA/DUPR Public Version §6.3/Table 9; SCE DRPEP GNA Layer 5 2026 row OBJECTID=6351
302171,SAWTELLE,SAWTELLE 66/16,66/16 kV,24.55,71.71,2.920977597,34.23511365,34.23,0.00511365221,SCE 2025 GNA/DUPR Public Version §6.3/Table 9; SCE DRPEP GNA Layer 5 2026 row OBJECTID=6531
309663,TAHITI,TAHITI 66/16,66/16 kV,18.6,29.12,1.565591398,63.87362637,63.88,-0.006373626374,SCE 2025 GNA/DUPR Public Version §6.3/Table 9; SCE DRPEP GNA Layer 5 2026 row OBJECTID=7051
308471,TORRANCE,TORRANCE 66/16,66/16 kV,81.52,110.3,1.353042198,73.90752493,73.91,-0.002475067996,SCE 2025 GNA/DUPR Public Version §6.3/Table 9; SCE DRPEP GNA Layer 5 2026 row OBJECTID=7291
307785,WABASH,WABASH 66/16,66/16 kV,22.65,72.8,3.214128035,31.11263736,31.12,-0.007362637363,SCE 2025 GNA/DUPR Public Version §6.3/Table 9; SCE DRPEP GNA Layer 5 2026 row OBJECTID=7661
300105,WALNUT,WALNUT 66/12,66/12 kV,102.43,127.87,1.248364737,80.10479393,80.1,0.004793931337,SCE 2025 GNA/DUPR Public Version §6.3/Table 9; SCE DRPEP GNA Layer 5 2026 row OBJECTID=7691
